{
  "version": "1.1",
  "template_name": "Compact 13×4 Layout",
  "template_id": "compact_13x4",
  "site_id": "template",
  "description": "소형 공장용 레이아웃 (13행 × 4열, 52개 설비)",
  "created_at": "2025-01-20T00:00:00Z",
  
  "canvas": {
    "width": 1200,
    "height": 800,
    "scale": 10,
    "backgroundColor": "#f5f5f5",
    "gridSize": 10,
    "gridColor": "#e0e0e0"
  },
  
  "room": {
    "width": 25,
    "depth": 40,
    "wallHeight": 3.0,
    "wallThickness": 0.3,
    "floorColor": "#ffffff",
    "wallColor": "#cccccc"
  },
  
  "walls": [
    {
      "id": "wall_north",
      "start": { "x": -12.5, "z": -20 },
      "end": { "x": 12.5, "z": -20 },
      "height": 3.0,
      "thickness": 0.3,
      "color": "#888888"
    },
    {
      "id": "wall_south",
      "start": { "x": -12.5, "z": 20 },
      "end": { "x": 12.5, "z": 20 },
      "height": 3.0,
      "thickness": 0.3,
      "color": "#888888"
    },
    {
      "id": "wall_east",
      "start": { "x": 12.5, "z": -20 },
      "end": { "x": 12.5, "z": 20 },
      "height": 3.0,
      "thickness": 0.3,
      "color": "#888888"
    },
    {
      "id": "wall_west",
      "start": { "x": -12.5, "z": -20 },
      "end": { "x": -12.5, "z": 20 },
      "height": 3.0,
      "thickness": 0.3,
      "color": "#888888"
    }
  ],
  
  "office": {
    "enabled": true,
    "width": 8,
    "depth": 12,
    "position": { "x": 4.5, "z": -8 },
    "wallHeight": 2.5,
    "wallThickness": 0.15,
    "wallColor": "#d3d3d3",
    "floorColor": "#e3f2fd"
  },
  
  "partitions": [],
  
  "equipmentArrays": [
    {
      "id": "array_main",
      "rows": 13,
      "cols": 4,
      "startPosition": { "x": -10, "z": -18 },
      "equipmentWidth": 1.2,
      "equipmentDepth": 1.8,
      "spacingX": 1.5,
      "spacingZ": 2.2,
      "excludedPositions": [],
      "description": "13×4 컴팩트 설비 배열 (52개)"
    }
  ],
  
  "metadata": {
    "author": "SHERLOCK_SKY_3DSIM",
    "target_use": "Small scale manufacturing",
    "totalEquipment": 52,
    "cleanroomClass": "ISO 8",
    "application": "Small Scale Manufacturing",
    "notes": "소형 공장용 컴팩트 레이아웃"
  }
}