{
  "version": "1.1",
  "template_name": "Default Template",
  "template_id": "default_template",
  "site_id": "template",
  "description": "빈 Canvas로 시작 (최소 구성)",
  "created_at": "2025-01-20T00:00:00Z",
  
  "canvas": {
    "width": 1200,
    "height": 800,
    "scale": 10,
    "backgroundColor": "#f5f5f5",
    "gridSize": 10,
    "gridColor": "#e0e0e0"
  },
  
  "room": {
    "width": 30,
    "depth": 40,
    "wallHeight": 3.0,
    "wallThickness": 0.3,
    "floorColor": "#ffffff",
    "wallColor": "#cccccc"
  },
  
  "walls": [
    {
      "id": "wall_north",
      "start": { "x": -15, "z": -20 },
      "end": { "x": 15, "z": -20 },
      "height": 3.0,
      "thickness": 0.3,
      "color": "#888888"
    },
    {
      "id": "wall_south",
      "start": { "x": -15, "z": 20 },
      "end": { "x": 15, "z": 20 },
      "height": 3.0,
      "thickness": 0.3,
      "color": "#888888"
    },
    {
      "id": "wall_east",
      "start": { "x": 15, "z": -20 },
      "end": { "x": 15, "z": 20 },
      "height": 3.0,
      "thickness": 0.3,
      "color": "#888888"
    },
    {
      "id": "wall_west",
      "start": { "x": -15, "z": -20 },
      "end": { "x": -15, "z": 20 },
      "height": 3.0,
      "thickness": 0.3,
      "color": "#888888"
    }
  ],
  
  "office": {
    "enabled": false,
    "width": 0,
    "depth": 0,
    "position": { "x": 0, "z": 0 },
    "wallHeight": 0,
    "wallThickness": 0,
    "floorColor": "#ffffff"
  },
  
  "partitions": [],
  
  "equipmentArrays": [],
  
  "metadata": {
    "author": "SHERLOCK_SKY_3DSIM",
    "target_use": "Custom layout",
    "totalEquipment": 0,
    "cleanroomClass": "N/A",
    "application": "Custom Layout",
    "notes": "빈 Canvas 템플릿 - 사용자가 직접 구성"
  }
}