{
  "version": "1.1",
  "template_name": "Standard 26×6 Layout",
  "template_id": "standard_26x6",
  "site_id": "template",
  "description": "표준 클린룸 레이아웃 (26행 × 6열, 복도 포함, Office 공간)",
  "created_at": "2025-01-20T00:00:00Z",
  
  "canvas": {
    "width": 1200,
    "height": 800,
    "scale": 10,
    "backgroundColor": "#f5f5f5",
    "gridSize": 10,
    "gridColor": "#e0e0e0"
  },
  
  "room": {
    "width": 40,
    "depth": 60,
    "wallHeight": 4.0,
    "wallThickness": 0.3,
    "floorColor": "#ffffff",
    "wallColor": "#cccccc"
  },
  
  "walls": [
    {
      "id": "wall_north",
      "start": { "x": -20, "z": -30 },
      "end": { "x": 20, "z": -30 },
      "height": 4.0,
      "thickness": 0.3,
      "color": "#888888"
    },
    {
      "id": "wall_south",
      "start": { "x": -20, "z": 30 },
      "end": { "x": 20, "z": 30 },
      "height": 4.0,
      "thickness": 0.3,
      "color": "#888888"
    },
    {
      "id": "wall_east",
      "start": { "x": 20, "z": -30 },
      "end": { "x": 20, "z": 30 },
      "height": 4.0,
      "thickness": 0.3,
      "color": "#888888"
    },
    {
      "id": "wall_west",
      "start": { "x": -20, "z": -30 },
      "end": { "x": -20, "z": 30 },
      "height": 4.0,
      "thickness": 0.3,
      "color": "#888888"
    }
  ],
  
  "office": {
    "enabled": true,
    "width": 12,
    "depth": 20,
    "position": { "x": 8, "z": -10 },
    "wallHeight": 3.0,
    "wallThickness": 0.2,
    "wallColor": "#d3d3d3",
    "floorColor": "#e3f2fd"
  },
  
  "partitions": [
    {
      "id": "partition_central",
      "start": { "x": -15, "z": 0 },
      "end": { "x": 15, "z": 0 },
      "height": 2.5,
      "thickness": 0.1,
      "color": "#cccccc",
      "opacity": 0.6,
      "description": "중앙 파티션 (Row 13 경계)"
    }
  ],
  
  "equipmentArrays": [
    {
      "id": "array_main",
      "rows": 26,
      "cols": 6,
      "startPosition": { "x": -18, "z": -28 },
      "equipmentWidth": 1.2,
      "equipmentDepth": 1.8,
      "spacingX": 1.5,
      "spacingZ": 2.2,
      "excludedPositions": [],
      "description": "26×6 메인 설비 배열 (156개 슬롯)"
    }
  ],
  
  "metadata": {
    "author": "SHERLOCK_SKY_3DSIM",
    "target_use": "Standard cleanroom facility",
    "totalEquipment": 156,
    "cleanroomClass": "ISO 7",
    "application": "Semiconductor Manufacturing",
    "notes": "표준 클린룸 레이아웃, Office 포함"
  }
}